question,visual_findings,truth,prediction,score,type
is there evidence of an aortic aneurysm?,"Based on the provided chest X-ray image, there is no clear evidence of an aortic aneurysm. The mediastinal contour appears relatively normal, and there are no obvious signs of widening of the aorta.

However, it's important to note that a chest X-ray is not the ideal imaging modality for detecting aortic aneurysms. A CT angiogram or MRI is much more sensitive and specific for this purpose.

Therefore, while I cannot definitively rule out a subtle aortic aneurysm, the image does not provide sufficient evidence to suggest its presence.",yes,"The visual findings explicitly state there is no clear evidence of an aortic aneurysm. The mediastinal contour and aorta appear normal on the chest X-ray. While a chest X-ray is not ideal for detecting aortic aneurysms, the provided image does not meet the criteria for definitive diagnosis. The next recommended action is to perform a CT angiogram or MRI for further evaluation.
The visual findings explicitly state there is no clear evidence of an aortic aneurysm. The mediastinal contour and aorta appear normal on the chest X-ray. The next recommended action is to perform a CT angiogram or MRI for further evaluation.",0.0,CLOSED
is there airspace consolidation on the left side?,"Based on the provided chest X-ray image, there is a hazy opacity in the left lung field. This could potentially represent airspace consolidation, but further evaluation is needed to confirm this.

Objective findings:

*   Hazy opacity in the left lung field.

Limitations:

*   The image is a single view, which limits the ability to fully assess the extent and nature of the opacity.
*   The presence of other potential findings (e.g., pleural effusion, masses) could also contribute to the opacity.

Further evaluation:

*   A lateral chest X-ray would be helpful to better visualize the left lung field.
*   A CT scan of the chest could provide more detailed information about the opacity.
*   Clinical correlation is essential to determine the significance of the findings.

Disclaimer: This analysis is based solely on the provided image and should not be considered a definitive diagnosis. A qualified radiologist should interpret the image in the context of the patient's clinical history and other relevant information.",yes,Error in reasoning.,0.0,CLOSED
is there any intraparenchymal abnormalities in the lung fields?,"Based on the provided chest X-ray image, there are no obvious intraparenchymal abnormalities in the lung fields. The lung fields appear relatively clear, with no visible consolidation, nodules, or masses. The heart size is slightly enlarged, which could be related to the patient's body habitus or other factors.

However, it is important to note that this is a single image and a comprehensive assessment requires a full set of images, including lateral and PA views, as well as other relevant clinical information.

Disclaimer: I am an AI and cannot provide medical diagnoses. This analysis is based solely on the provided image and should not be used to make clinical decisions. A qualified radiologist should interpret the image in the context of the patient's clinical history and other relevant findings.",no,"The visual findings confirm airspace consolidation in the left lung field. Management involves monitoring for progression and follow-up with a CT chest scan for definitive evaluation. The primary diagnosis is airspace consolidation, with secondary alternatives including pleural effusion or lung tumor. Next recommended action: CT chest scan for definitive evaluation.
The visual findings confirm airspace consolidation in the left lung field. Management involves monitoring for progression and follow-up with a CT chest scan for definitive evaluation. The primary diagnosis is airspace consolidation, with secondary alternatives including pleural effusion or lung tumor. Next recommended action: CT chest scan for definitive evaluation.",1.0,CLOSED
which side of the heart border is obscured?,The right heart border appears obscured on the chest X-ray.,right,"The visual findings explicitly state the right heart border is obscured on the chest X-ray. Management involves monitoring for potential underlying causes (e.g., cardiac pathology, congenital anomalies) and further evaluation with cardiac ultrasound or echocardiogram for detailed assessment.
The visual findings confirm right heart border obscuration, necessitating cardiac ultrasound or echocardiogram for detailed assessment. Management involves monitoring for underlying causes and further evaluation to confirm etiology.",1.0,OPEN
where are the kidney?,"The kidneys are not visible in this axial CT image of the abdomen. The image shows structures such as the liver, stomach, spleen, and spine. The kidneys are located retroperitoneally, posterior to the abdominal cavity.",not seen here,"The visual findings confirm right heart border obscuration, necessitating cardiac ultrasound or echocardiogram for detailed assessment. Management involves monitoring for potential etiology and further evaluation to confirm etiology.
The visual findings confirm right heart border obscuration, necessitating cardiac ultrasound or echocardiogram for detailed assessment. Management involves monitoring for potential etiology and further evaluation to confirm etiology.",0.0,OPEN
